AMB_118,AMB_238,AMB_308,AMB_189,AMB_111,AMB_105,AMB_083,AMB_100,AMB_101,AMB_140,AMB_238,AMB_279,AMB_104,AMB_179,AMB_175,AMB_056,AMB_097,AMB_118,AMB_219,AMB_336,AMB_025,AMB_010,AMB_289,AMB_064,AMB_272,AMB_350,AMB_048,AMB_031,AMB_111,AMB_116
0 ,1 , 0,0 ,0 , 0,0 ,1 , 1,2 ,1 , 1,0 ,1 , 1,0 ,1 , 0,1 ,1 , 1,1 ,0 , 1,0 ,1 , 1,0 ,0 , 0
1 ,1 , 0,0 ,0 , 0,1 ,0 , 1,0 ,1 , 0,0 ,1 , 0,0 ,1 , 1,0 ,0 , 0,0 ,1 , 1,0 ,0 , 0,0 ,0 , 0
1 ,2 , 1,0 ,1 , 0,0 ,1 , 1,1 ,2 , 2,1 ,0 , 1,1 ,1 , 1,1 ,1 , 0,1 ,1 , 2,0 ,2 , 1,1 ,1 , 1
1 ,1 , 2,2 ,1 , 1,2 ,0 , 1,1 ,1 , 1,1 ,1 , 2,0 ,1 , 1,0 ,1 , 0,1 ,1 , 2,0 ,2 , 1,0 ,1 , 1
0 ,2 , 1,0 ,2 , 1,0 ,1 , 1,0 ,2 , 1,1 ,0 , 1,1 ,0 , 0,0 ,0 , 0,1 ,1 , 1,2 ,1 , 2,0 ,2 , 1
1 ,1 , 1,0 ,0 , 0,0 ,1 , 1,1 ,1 , 2,1 ,1 , 1,1 ,0 , 1,2 ,2 , 2,1 ,2 , 1,1 ,2 , 1,1 ,0 , 0
0 ,1 , 0,0 ,1 , 0,0 ,1 , 1,1 ,1 , 1,1 ,0 , 0,1 ,0 , 0,1 ,0 , 0,1 ,2 , 1,0 ,0 , 0,0 ,1 , 0
1 ,1 , 1,2 ,1 , 2,1 ,0 , 0,0 ,1 , 1,1 ,1 , 1,1 ,2 , 1,0 ,2 , 1,1 ,2 , 1,1 ,1 , 1,2 ,1 , 2
0 ,1 , 0,0 ,0 , 0,0 ,0 , 0,0 ,1 , 0,0 ,2 , 1,0 ,1 , 0,0 ,0 , 0,0 ,1 , 0,0 ,0 , 0,0 ,0 , 0
1 ,2 , 1,1 ,1 , 1,1 ,1 , 2,2 ,2 , 2,1 ,2 , 2,1 ,0 , 1,1 ,2 , 1,2 ,1 , 1,2 ,1 , 1,1 ,1 , 0
0 ,0 , 0,0 ,1 , 1,0 ,0 , 0,0 ,0 , 0,0 ,1 , 0,0 ,0 , 0,0 ,0 , 0,0 ,0 , 0,0 ,0 , 0,0 ,1 , 0
1 ,1 , 2,1 ,1 , 0,0 ,1 , 1,1 ,1 , 1,0 ,0 , 0,1 ,0 , 1,1 ,1 , 1,0 ,0 , 0,0 ,1 , 1,0 ,1 , 1
1 ,0 , 0,0 ,0 , 0,0 ,0 , 0,0 ,0 , 0,0 ,1 , 0,0 ,1 , 1,0 ,0 , 0,0 ,1 , 1,1 ,0 , 1,1 ,0 , 0
0 ,0 , 0,0 ,0 , 0,0 ,0 , 0,0 ,0 , 0,0 ,0 , 0,0 ,0 , 0,0 ,1 , 1,1 ,1 , 1,0 ,0 , 0,0 ,0 , 0
1 ,1 , 1,2 ,1 , 2,0 ,0 , 0,0 ,1 , 1,1 ,0 , 1,1 ,1 , 1,1 ,2 , 2,2 ,2 , 2,1 ,1 , 1,2 ,1 , 2
1 ,2 , 1,1 ,0 , 1,0 ,1 , 1,0 ,2 , 1,1 ,1 , 1,2 ,0 , 1,0 ,0 , 0,2 ,0 , 1,1 ,1 , 1,0 ,0 , 0
2 ,2 , 2,2 ,0 , 1,1 ,1 , 1,1 ,2 , 1,1 ,1 , 2,1 ,2 , 2,1 ,0 , 1,1 ,1 , 2,2 ,2 , 2,0 ,0 , 0
0 ,1 , 0,0 ,1 , 1,0 ,1 , 0,0 ,1 , 1,1 ,0 , 1,0 ,0 , 0,1 ,0 , 0,1 ,0 , 1,1 ,0 , 1,0 ,1 , 1
1 ,1 , 0,0 ,0 , 0,0 ,1 , 1,0 ,1 , 0,0 ,0 , 0,1 ,1 , 1,1 ,0 , 1,0 ,1 , 1,1 ,1 , 2,0 ,0 , 0
2 ,1 , 1,1 ,1 , 1,2 ,1 , 1,2 ,1 , 2,1 ,1 , 1,2 ,2 , 2,2 ,1 , 1,2 ,2 , 2,1 ,2 , 2,1 ,1 , 1
0 ,1 , 0,0 ,0 , 0,1 ,0 , 0,0 ,1 , 1,1 ,0 , 0,1 ,0 , 0,0 ,1 , 1,1 ,0 , 1,0 ,0 , 0,0 ,0 , 0
2 ,2 , 2,1 ,1 , 1,0 ,1 , 1,1 ,2 , 2,2 ,2 , 2,2 ,2 , 2,1 ,2 , 1,2 ,2 , 2,2 ,1 , 2,2 ,1 , 1
1 ,1 , 1,1 ,0 , 0,1 ,1 , 0,1 ,1 , 1,1 ,0 , 0,1 ,0 , 1,0 ,0 , 0,0 ,1 , 1,0 ,1 , 1,1 ,0 , 1
0 ,1 , 0,1 ,0 , 1,0 ,0 , 0,2 ,1 , 2,0 ,1 , 0,1 ,0 , 0,2 ,1 , 1,1 ,1 , 1,0 ,1 , 0,1 ,0 , 1
0 ,1 , 0,1 ,1 , 0,1 ,0 , 1,0 ,1 , 1,0 ,0 , 0,1 ,0 , 0,0 ,1 , 1,1 ,0 , 1,0 ,0 , 0,1 ,1 , 2
0 ,1 , 0,1 ,1 , 1,0 ,0 , 0,0 ,1 , 0,1 ,0 , 1,0 ,0 , 0,0 ,1 , 0,0 ,1 , 0,1 ,1 , 2,0 ,1 , 0
0 ,1 , 0,0 ,0 , 0,1 ,0 , 0,0 ,1 , 1,0 ,0 , 0,0 ,0 , 0,0 ,0 , 0,0 ,0 , 0,0 ,1 , 0,0 ,0 , 0
1 ,1 , 0,0 ,1 , 0,1 ,2 , 2,2 ,1 , 1,1 ,0 , 0,1 ,1 , 1,1 ,1 , 1,1 ,1 , 1,1 ,2 , 1,1 ,1 , 0
0 ,1 , 0,2 ,0 , 1,2 ,0 , 1,1 ,1 , 2,0 ,0 , 0,1 ,1 , 0,2 ,1 , 2,2 ,2 , 2,0 ,1 , 1,2 ,0 , 1
0 ,0 , 0,0 ,0 , 0,0 ,0 , 0,0 ,0 , 0,1 ,0 , 0,1 ,0 , 0,0 ,2 , 1,0 ,2 , 1,1 ,0 , 0,0 ,0 , 0
1 ,1 , 1,0 ,0 , 0,0 ,1 , 1,1 ,1 , 1,1 ,0 , 0,1 ,0 , 1,1 ,0 , 1,0 ,0 , 0,1 ,2 , 2,1 ,0 , 1
0 ,1 , 0,1 ,0 , 0,1 ,0 , 0,0 ,1 , 0,0 ,0 , 0,0 ,1 , 0,0 ,0 , 0,1 ,0 , 1,1 ,0 , 1,1 ,0 , 0
1 ,1 , 2,1 ,0 , 1,1 ,0 , 0,1 ,1 , 1,1 ,0 , 0,1 ,0 , 1,0 ,0 , 0,0 ,1 , 1,0 ,2 , 1,0 ,0 , 0
0 ,1 , 0,0 ,1 , 1,0 ,1 , 1,0 ,1 , 0,1 ,1 , 0,0 ,0 , 0,2 ,1 , 1,1 ,0 , 0,2 ,0 , 1,1 ,1 , 1
2 ,2 , 2,1 ,2 , 1,2 ,1 , 2,2 ,2 , 2,2 ,0 , 1,1 ,1 , 2,2 ,1 , 2,1 ,1 , 2,1 ,1 , 2,0 ,2 , 1
0 ,1 , 0,0 ,1 , 0,0 ,1 , 1,1 ,1 , 1,1 ,0 , 0,1 ,0 , 0,1 ,0 , 0,1 ,2 , 1,0 ,0 , 0,0 ,1 , 0
2 ,1 , 2,1 ,0 , 1,1 ,1 , 2,0 ,1 , 0,1 ,1 , 1,1 ,2 , 2,1 ,2 , 2,1 ,1 , 1,1 ,2 , 2,1 ,0 , 0
1 ,1 , 2,2 ,1 , 1,1 ,0 , 1,0 ,1 , 1,1 ,0 , 1,1 ,1 , 1,0 ,2 , 1,1 ,0 , 1,0 ,0 , 0,0 ,1 , 1
2 ,1 , 1,0 ,2 , 1,1 ,1 , 1,1 ,1 , 1,2 ,1 , 2,2 ,2 , 2,0 ,1 , 1,2 ,1 , 2,1 ,1 , 1,2 ,2 , 2
0 ,2 , 1,0 ,2 , 1,1 ,1 , 1,2 ,2 , 2,1 ,1 , 2,0 ,0 , 0,1 ,1 , 0,0 ,1 , 1,1 ,0 , 0,1 ,2 , 1
2 ,2 , 2,1 ,1 , 1,1 ,1 , 1,1 ,2 , 1,1 ,1 , 1,2 ,1 , 2,2 ,1 , 1,0 ,1 , 1,1 ,2 , 2,1 ,1 , 1
0 ,0 , 0,0 ,1 , 1,0 ,0 , 0,0 ,0 , 0,0 ,1 , 0,0 ,0 , 0,0 ,0 , 0,0 ,0 , 0,0 ,0 , 0,0 ,1 , 0
1 ,1 , 0,0 ,0 , 0,0 ,1 , 1,0 ,1 , 0,0 ,0 , 0,1 ,1 , 1,1 ,0 , 1,0 ,1 , 1,1 ,1 , 2,0 ,0 , 0
0 ,1 , 1,0 ,1 , 0,0 ,0 , 0,0 ,1 , 1,1 ,0 , 0,0 ,0 , 0,0 ,0 , 0,1 ,1 , 1,1 ,0 , 1,0 ,1 , 1
1 ,1 , 2,1 ,1 , 1,2 ,2 , 2,1 ,1 , 1,1 ,1 , 0,1 ,1 , 1,2 ,1 , 2,2 ,1 , 2,1 ,1 , 1,0 ,1 , 1
0 ,1 , 1,1 ,0 , 1,0 ,0 , 0,2 ,1 , 2,0 ,0 , 0,0 ,0 , 0,1 ,0 , 1,1 ,1 , 2,0 ,0 , 0,0 ,0 , 0
1 ,1 , 2,1 ,1 , 1,2 ,1 , 1,1 ,1 , 2,1 ,1 , 1,1 ,1 , 1,1 ,0 , 1,2 ,2 , 2,1 ,2 , 1,2 ,1 , 1
0 ,2 , 1,0 ,1 , 0,0 ,0 , 0,1 ,2 , 2,1 ,0 , 1,0 ,0 , 0,0 ,1 , 0,0 ,1 , 1,0 ,1 , 0,0 ,1 , 1
0 ,1 , 0,1 ,0 , 1,0 ,0 , 0,0 ,1 , 1,0 ,0 , 0,0 ,0 , 0,0 ,0 , 0,1 ,0 , 1,0 ,0 , 0,0 ,0 , 0
0 ,1 , 1,0 ,0 , 0,1 ,0 , 0,1 ,1 , 2,0 ,0 , 0,0 ,0 , 0,1 ,0 , 0,0 ,0 , 0,0 ,0 , 0,1 ,0 , 1
1 ,1 , 1,0 ,0 , 0,1 ,0 , 0,0 ,1 , 1,0 ,0 , 0,1 ,1 , 1,1 ,1 , 1,0 ,1 , 1,0 ,1 , 0,0 ,0 , 0
0 ,1 , 0,1 ,0 , 1,0 ,0 , 0,1 ,1 , 1,0 ,0 , 0,0 ,1 , 0,2 ,1 , 1,1 ,1 , 2,0 ,1 , 1,0 ,0 , 0
1 ,1 , 2,0 ,2 , 1,1 ,1 , 1,1 ,1 , 1,1 ,1 , 1,1 ,1 , 1,2 ,1 , 1,1 ,1 , 1,1 ,1 , 1,1 ,2 , 2
1 ,1 , 2,1 ,1 , 1,1 ,1 , 1,1 ,1 , 1,1 ,0 , 1,1 ,0 , 1,1 ,1 , 1,1 ,2 , 2,1 ,1 , 1,0 ,1 , 0
0 ,1 , 0,1 ,0 , 1,0 ,1 , 1,1 ,1 , 2,0 ,0 , 0,1 ,0 , 0,2 ,1 , 2,2 ,2 , 2,1 ,1 , 1,1 ,0 , 0
1 ,2 , 1,0 ,1 , 1,0 ,0 , 0,0 ,2 , 1,2 ,0 , 1,1 ,0 , 1,1 ,0 , 1,0 ,1 , 1,1 ,1 , 0,1 ,1 , 0
0 ,1 , 0,0 ,0 , 0,0 ,0 , 0,0 ,1 , 0,0 ,0 , 0,0 ,1 , 0,0 ,0 , 0,0 ,1 , 0,1 ,1 , 2,1 ,0 , 1
0 ,1 , 0,0 ,0 , 0,1 ,1 , 2,0 ,1 , 0,1 ,1 , 1,1 ,1 , 0,0 ,1 , 1,2 ,0 , 1,1 ,1 , 0,1 ,0 , 1
2 ,0 , 1,1 ,1 , 1,1 ,1 , 2,0 ,0 , 0,1 ,0 , 1,1 ,1 , 2,1 ,0 , 0,0 ,1 , 1,0 ,2 , 1,1 ,1 , 0
2 ,1 , 1,0 ,0 , 0,0 ,0 , 0,0 ,1 , 1,0 ,0 , 0,1 ,1 , 2,0 ,1 , 1,1 ,0 , 1,0 ,2 , 1,0 ,0 , 0
1 ,1 , 2,1 ,1 , 1,1 ,2 , 2,1 ,1 , 1,1 ,1 , 1,1 ,1 , 1,1 ,2 , 2,1 ,2 , 1,2 ,2 , 2,1 ,1 , 1
1 ,2 , 2,0 ,1 , 0,1 ,0 , 1,1 ,2 , 1,2 ,1 , 2,2 ,0 , 1,2 ,1 , 2,2 ,2 , 2,1 ,0 , 1,2 ,1 , 2
0 ,1 , 0,0 ,1 , 0,1 ,0 , 0,0 ,1 , 1,0 ,0 , 0,0 ,0 , 0,0 ,0 , 0,0 ,0 , 0,1 ,0 , 0,0 ,1 , 1
0 ,1 , 0,0 ,0 , 0,0 ,0 , 0,0 ,1 , 0,0 ,1 , 1,0 ,0 , 0,0 ,1 , 0,0 ,1 , 0,0 ,0 , 0,0 ,0 , 0
2 ,1 , 1,1 ,2 , 1,1 ,0 , 0,1 ,1 , 1,2 ,1 , 1,1 ,1 , 2,2 ,2 , 2,1 ,2 , 1,2 ,2 , 2,1 ,2 , 1
1 ,1 , 2,1 ,1 , 1,1 ,1 , 1,2 ,1 , 2,1 ,1 , 1,1 ,1 , 1,1 ,2 , 2,1 ,1 , 1,1 ,1 , 1,1 ,1 , 2
0 ,1 , 0,0 ,2 , 1,1 ,1 , 0,1 ,1 , 2,1 ,0 , 1,1 ,0 , 0,0 ,1 , 1,1 ,1 , 2,0 ,0 , 0,1 ,2 , 1
1 ,1 , 1,1 ,2 , 2,1 ,1 , 1,2 ,1 , 2,1 ,1 , 2,0 ,2 , 1,1 ,1 , 0,1 ,1 , 2,0 ,2 , 1,0 ,2 , 1
1 ,2 , 2,1 ,0 , 0,1 ,0 , 0,1 ,2 , 1,0 ,1 , 1,0 ,1 , 1,0 ,0 , 0,2 ,0 , 1,0 ,1 , 1,1 ,0 , 1
0 ,1 , 0,1 ,0 , 0,0 ,0 , 0,0 ,1 , 1,1 ,0 , 0,1 ,0 , 0,1 ,1 , 1,0 ,1 , 1,0 ,0 , 0,1 ,0 , 1
1 ,1 , 2,1 ,1 , 0,1 ,1 , 2,1 ,1 , 1,2 ,1 , 1,2 ,0 , 1,1 ,0 , 1,1 ,1 , 1,1 ,1 , 1,0 ,1 , 1
0 ,1 , 1,0 ,1 , 1,0 ,0 , 0,1 ,1 , 2,1 ,0 , 0,0 ,0 , 0,0 ,0 , 0,1 ,1 , 2,1 ,0 , 0,0 ,1 , 1
1 ,1 , 1,1 ,1 , 1,1 ,1 , 1,0 ,1 , 1,1 ,1 , 1,1 ,1 , 1,2 ,1 , 2,2 ,0 , 1,1 ,0 , 1,0 ,1 , 0
0 ,1 , 0,1 ,0 , 0,1 ,0 , 1,0 ,1 , 1,0 ,1 , 1,1 ,0 , 0,1 ,1 , 1,1 ,1 , 1,1 ,1 , 2,1 ,0 , 0
2 ,1 , 1,0 ,0 , 0,1 ,0 , 0,0 ,1 , 0,1 ,0 , 0,1 ,2 , 2,1 ,1 , 1,0 ,2 , 1,2 ,2 , 2,1 ,0 , 0
1 ,1 , 2,0 ,0 , 0,0 ,0 , 0,0 ,1 , 0,0 ,0 , 0,0 ,1 , 1,1 ,2 , 1,1 ,1 , 1,1 ,1 , 1,0 ,0 , 0
0 ,1 , 0,0 ,0 , 0,0 ,0 , 0,0 ,1 , 1,0 ,0 , 0,0 ,0 , 0,0 ,0 , 0,1 ,0 , 0,0 ,0 , 0,0 ,0 , 0
0 ,1 , 0,1 ,0 , 1,1 ,1 , 0,1 ,1 , 2,0 ,2 , 1,0 ,0 , 0,0 ,0 , 0,1 ,0 , 1,0 ,0 , 0,1 ,0 , 1
1 ,1 , 1,0 ,0 , 0,0 ,1 , 1,1 ,1 , 1,1 ,1 , 0,1 ,2 , 1,0 ,0 , 0,0 ,2 , 1,1 ,1 , 1,2 ,0 , 1
0 ,1 , 1,0 ,0 , 0,0 ,0 , 0,0 ,1 , 1,0 ,0 , 0,0 ,0 , 0,0 ,0 , 0,0 ,1 , 1,0 ,0 , 0,0 ,0 , 0
0 ,1 , 1,0 ,1 , 1,0 ,0 , 0,0 ,1 , 1,0 ,0 , 0,0 ,0 , 0,0 ,1 , 0,2 ,1 , 2,0 ,0 , 0,0 ,1 , 0
0 ,0 , 0,0 ,0 , 0,0 ,0 , 0,0 ,0 , 0,0 ,0 , 0,0 ,0 , 0,0 ,0 , 0,1 ,0 , 1,0 ,0 , 0,0 ,0 , 0
1 ,1 , 0,0 ,0 , 0,1 ,0 , 0,0 ,1 , 1,1 ,0 , 0,2 ,1 , 1,0 ,1 , 1,2 ,0 , 1,0 ,1 , 0,0 ,0 , 0
0 ,1 , 0,1 ,1 , 2,0 ,0 , 0,0 ,1 , 1,1 ,1 , 2,0 ,0 , 0,1 ,1 , 0,1 ,1 , 1,0 ,0 , 0,0 ,1 , 1
0 ,1 , 0,0 ,0 , 0,0 ,0 , 0,1 ,1 , 0,0 ,0 , 0,0 ,1 , 0,0 ,1 , 0,1 ,0 , 1,1 ,0 , 1,1 ,0 , 0
0 ,1 , 0,1 ,0 , 1,0 ,1 , 1,1 ,1 , 2,0 ,1 , 1,1 ,0 , 0,2 ,1 , 1,2 ,1 , 1,1 ,1 , 1,1 ,0 , 0
0 ,2 , 1,1 ,1 , 0,1 ,2 , 1,2 ,2 , 2,1 ,1 , 0,0 ,1 , 0,1 ,2 , 2,2 ,2 , 2,1 ,0 , 1,1 ,1 , 1
1 ,1 , 2,1 ,0 , 0,2 ,0 , 1,0 ,1 , 0,1 ,1 , 1,1 ,0 , 1,0 ,0 , 0,1 ,1 , 2,0 ,0 , 0,0 ,0 , 0
1 ,1 , 0,1 ,1 , 1,0 ,1 , 1,1 ,1 , 0,1 ,1 , 1,1 ,0 , 1,0 ,1 , 0,2 ,0 , 1,1 ,1 , 2,0 ,1 , 0
2 ,1 , 2,1 ,1 , 1,1 ,2 , 2,1 ,1 , 0,1 ,0 , 0,2 ,1 , 2,0 ,0 , 0,1 ,0 , 0,1 ,1 , 1,0 ,1 , 0
0 ,0 , 0,1 ,0 , 1,1 ,0 , 0,1 ,0 , 1,0 ,1 , 1,0 ,0 , 0,0 ,1 , 0,2 ,1 , 2,1 ,1 , 0,0 ,0 , 0
1 ,1 , 2,1 ,1 , 1,2 ,1 , 2,1 ,1 , 0,1 ,1 , 2,1 ,1 , 1,0 ,0 , 0,2 ,0 , 1,1 ,2 , 2,1 ,1 , 2
2 ,2 , 2,1 ,2 , 1,0 ,0 , 0,0 ,2 , 1,1 ,0 , 0,1 ,1 , 2,1 ,2 , 2,1 ,1 , 2,0 ,2 , 1,2 ,2 , 2
1 ,1 , 2,1 ,1 , 0,1 ,1 , 1,0 ,1 , 1,1 ,0 , 0,1 ,1 , 1,0 ,1 , 0,0 ,0 , 0,1 ,1 , 1,0 ,1 , 1
1 ,2 , 2,1 ,2 , 1,0 ,1 , 0,1 ,2 , 2,2 ,1 , 1,2 ,1 , 1,2 ,1 , 1,2 ,1 , 2,0 ,2 , 1,1 ,2 , 2
1 ,1 , 0,0 ,1 , 1,1 ,2 , 1,0 ,1 , 0,0 ,1 , 1,0 ,2 , 1,0 ,1 , 1,0 ,1 , 1,2 ,0 , 1,1 ,1 , 2
0 ,1 , 1,1 ,1 , 1,1 ,0 , 1,1 ,1 , 1,1 ,0 , 0,1 ,1 , 0,0 ,1 , 0,1 ,1 , 2,1 ,0 , 0,2 ,1 , 1
1 ,1 , 0,2 ,2 , 2,1 ,1 , 1,1 ,1 , 0,2 ,2 , 2,1 ,0 , 1,1 ,1 , 0,1 ,2 , 1,1 ,1 , 1,2 ,2 , 2
1 ,2 , 2,1 ,0 , 1,0 ,1 , 1,0 ,2 , 1,1 ,1 , 1,2 ,0 , 1,0 ,1 , 0,2 ,1 , 1,1 ,0 , 1,0 ,0 , 0
1 ,1 , 1,2 ,0 , 1,0 ,1 , 1,0 ,1 , 1,1 ,1 , 1,2 ,1 , 1,1 ,2 , 1,2 ,2 , 2,2 ,2 , 2,1 ,0 , 1
